accuracy,precision,recall,f1
0.7620230700976043,0.7522613700049698,0.7620230700976043,0.7553517569325932
