,total_trades,avg_return,median_return,win_rate,max_gain,max_loss,total_return
POSITIVE,1613,-0.043165200675160546,0.11415993628269838,52.38685678859268,21.824466527910037,-16.360844359735616,-69.62546868903397
NEGATIVE,536,-0.08470166832855605,-0.006705637488035876,49.06716417910448,20.694924281715586,-26.09511788955883,-45.40009422410604
STRONGLY_POSITIVE,100,-1.2079096050668814,-0.3097363012268872,42.0,11.376884115401232,-18.066159908531667,-120.79096050668814
STRONGLY_NEGATIVE,109,-0.7126470683471883,0.04651920440285062,50.45871559633027,11.258732203177201,-31.347822671263327,-77.67853044984352
