accuracy,precision,recall,f1,kappa,mcc,roc_auc
0.7732031943212068,0.7733596134978571,0.7732031943212068,0.772676895099049,0.481712251784816,0.481810078369174,0.0
